<p>Esta es la lista referida a artículos del mundo cultural de <a href="/wiki/Hispanoam%C3%A9rica" title="Hispanoamérica">Hispanoamérica</a> y <a href="/wiki/Espa%C3%B1a" title="España">España</a> que la Wikipedia en español, y por extensión cualquier enciclopedia en español, debería tener.
</p>
<p>La lista se elaboró sobre ciertas premisas y métodos (algunos usados de verdad en su elaboración).
</p>
<p>Primero olvide lo que está escrito en la Wikipedia actualmente. Después piense o recuerde los temas de historia, cultura, lo enseñado o aprendido en algún establecimiento, lo leído o conversado que sea típico o recurrente de su país, lo que siempre quiso saber (también es aceptable la asociación libre y la escritura automática). Luego generalice hacia América Latina o España (por separado o ambos) y juzgue si es relevante para el mundo cultural y lingüístico de <a href="/wiki/Hispanoam%C3%A9rica" title="Hispanoamérica">Hispanoamérica</a>. También es recomendable agregar aquellos temas que no estén en <a href="/wiki/Wikipedia:Lista_de_art%C3%ADculos_que_toda_Wikipedia_deber%C3%ADa_tener" title="Wikipedia:Lista de artículos que toda Wikipedia debería tener">Lista de artículos que toda Wikipedia debería tener</a> por alguna razón no comprensible pero que debería estar. Por supuesto se pueden modificar las categorías o crear nuevas.
</p>
<p>Luego, verifique que no esté escrito el título de otra manera y finalmente que no esté ya presente en <a href="/wiki/Wikipedia:Lista_de_art%C3%ADculos_que_toda_Wikipedia_deber%C3%ADa_tener" title="Wikipedia:Lista de artículos que toda Wikipedia debería tener">Lista de artículos que toda Wikipedia debería tener</a> proceda a <a class="mw-selflink selflink"><b>incluirlo</b> a esta lista</a>. Para dudas por supuesto está la <a href="/wiki/Wikipedia_discusi%C3%B3n:Lista_de_art%C3%ADculos_que_la_Wikipedia_en_espa%C3%B1ol_deber%C3%ADa_tener" title="Wikipedia discusión:Lista de artículos que la Wikipedia en español debería tener">página de discusión</a>.
</p>
<p>También puede eliminar artículos si considera que claramente no son esenciales para una enciclopedia en español.
</p>
<p><a class="mw-redirect" href="/wiki/L%C3%B3pez_de_Sequeira" title="López de Sequeira">López de Sequeira</a> – <a class="mw-redirect" href="/wiki/Eric_el_Rojo" title="Eric el Rojo">Eric el Rojo</a> – <a href="/wiki/%C3%81lvaro_de_Menda%C3%B1a" title="Álvaro de Mendaña">Álvaro de Mendaña</a> – <a href="/wiki/%C3%81lvar_N%C3%BA%C3%B1ez_Cabeza_de_Vaca" title="Álvar Núñez Cabeza de Vaca">Álvar Núñez Cabeza de Vaca</a> — <a href="/wiki/Francisco_Pizarro" title="Francisco Pizarro">Francisco Pizarro</a> — <a href="/wiki/Sebasti%C3%A1n_de_Belalc%C3%A1zar" title="Sebastián de Belalcázar">Sebastián de Belalcázar</a> — <a href="/wiki/Hern%C3%A1n_Cort%C3%A9s" title="Hernán Cortés">Hernán Cortés</a> — <a href="/wiki/Am%C3%A9rico_Vespucio" title="Américo Vespucio">Américo Vespucio</a> — <a class="mw-redirect" href="/wiki/Hernando_de_Magallanes" title="Hernando de Magallanes">Hernando de Magallanes</a> — <a href="/wiki/Juan_Sebasti%C3%A1n_Elcano" title="Juan Sebastián Elcano">Juan Sebastián Elcano</a> — <a href="/wiki/Alonso_de_Ojeda" title="Alonso de Ojeda">Alonso de Ojeda</a> — <a href="/wiki/Juan_Ponce_de_Le%C3%B3n" title="Juan Ponce de León">Juan Ponce de León</a> — <a href="/wiki/T%C3%BApac_Yupanqui" title="Túpac Yupanqui">Túpac Yupanqui</a> — <a href="/wiki/Jean_IV_de_B%C3%A9thencourt" title="Jean IV de Béthencourt">Jean IV de Béthencourt</a> — <a href="/wiki/Hernando_de_Soto" title="Hernando de Soto">Hernando de Soto</a> — <a href="/wiki/Gonzalo_Guerrero" title="Gonzalo Guerrero">Gonzalo Guerrero</a>
</p>
<p><a href="/wiki/Enrique_el_Navegante" title="Enrique el Navegante">Enrique el Navegante</a> – <a class="mw-redirect" href="/wiki/Francisco_Miranda" title="Francisco Miranda">Francisco Miranda</a> – <a href="/wiki/Alfredo_Stroessner" title="Alfredo Stroessner">Alfredo Stroessner</a> – <a href="/wiki/Francisco_Moraz%C3%A1n" title="Francisco Morazán">Francisco Morazán</a> – <a class="mw-redirect" href="/wiki/Alejandro_de_Humboldt" title="Alejandro de Humboldt">Alejandro de Humboldt</a> – <a href="/wiki/Augusto_C%C3%A9sar_Sandino" title="Augusto César Sandino">Augusto César Sandino</a> – <a href="/wiki/Che_Guevara" title="Che Guevara">Che Guevara</a> – <a href="/wiki/George_Canning" title="George Canning">George Canning</a> – <a href="/wiki/Fidel_Castro" title="Fidel Castro">Fidel Castro</a> — <a href="/wiki/Emiliano_Zapata" title="Emiliano Zapata">Emiliano Zapata</a> — <a href="/wiki/Basil_Zaharoff" title="Basil Zaharoff">Basil Zaharoff</a> — <a href="/wiki/Sim%C3%B3n_Bol%C3%ADvar" title="Simón Bolívar">Simón Bolívar</a> — <a href="/wiki/Antonio_Jos%C3%A9_de_Sucre" title="Antonio José de Sucre">Antonio José de Sucre</a> — <a href="/wiki/Eugenio_Espejo" title="Eugenio Espejo">Eugenio Espejo</a> — <a href="/wiki/Abd%C3%B3n_Calder%C3%B3n" title="Abdón Calderón">Abdón Calderón</a> — <a href="/wiki/Gabriel_Garc%C3%ADa_Moreno" title="Gabriel García Moreno">Gabriel García Moreno</a> — <a href="/wiki/Eloy_Alfaro" title="Eloy Alfaro">Eloy Alfaro</a> — <a href="/wiki/Vicente_Rocafuerte" title="Vicente Rocafuerte">Vicente Rocafuerte</a> — <a href="/wiki/Jos%C3%A9_Mar%C3%ADa_Velasco_Ibarra" title="José María Velasco Ibarra">José María Velasco Ibarra</a> — <a class="mw-redirect" href="/wiki/Santa_Mariana_de_Jes%C3%BAs" title="Santa Mariana de Jesús">Santa Mariana de Jesús</a> — <a class="mw-redirect" href="/wiki/Santa_Rosa_de_Lima" title="Santa Rosa de Lima">Santa Rosa de Lima</a> — <a href="/wiki/Jos%C3%A9_de_San_Mart%C3%ADn" title="José de San Martín">José de San Martín</a> — <a href="/wiki/Jos%C3%A9_Gervasio_Artigas" title="José Gervasio Artigas">José Gervasio Artigas</a> — <a class="mw-redirect" href="/wiki/Germ%C3%A1n_Busch" title="Germán Busch">Germán Busch</a> — <a href="/wiki/Manuel_Esteban_Pizarro" title="Manuel Esteban Pizarro">Manuel Esteban Pizarro</a> — <a class="mw-redirect" href="/wiki/Alonso_P%C3%A9rez_de_Guzm%C3%A1n" title="Alonso Pérez de Guzmán">Guzmán El Bueno</a> — <a href="/wiki/T%C3%BApac_Amaru_II" title="Túpac Amaru II">Tupac Amaru</a> — <a href="/wiki/Moctezuma_Xocoyotzin" title="Moctezuma Xocoyotzin">Moctezuma II</a> — <a href="/wiki/K%27inich_Janaab%27_Pakal" title="K'inich Janaab' Pakal">Pakal</a> — <a href="/wiki/Abderram%C3%A1n_III" title="Abderramán III">Abderramán III</a> — <a href="/wiki/Benito_Ju%C3%A1rez" title="Benito Juárez">Benito Juárez</a> — <a href="/wiki/Maximiliano_de_M%C3%A9xico" title="Maximiliano de México">Maximiliano de México</a> — <a href="/wiki/Pachac%C3%BAtec" title="Pachacútec">Pachacútec</a> — <a href="/wiki/Viriato" title="Viriato">Viriato</a> — <a href="/wiki/Bencomo" title="Bencomo">Bencomo</a> — <a href="/wiki/Francisco_Fajardo" title="Francisco Fajardo">Francisco Fajardo</a> — <a href="/wiki/Con%C3%ADn" title="Conín">Conín</a> — <a href="/wiki/Xicoht%C3%A9ncatl" title="Xicohténcatl">Xicohténcatl</a> — <a href="/wiki/Rodrigo_D%C3%ADaz_de_Vivar" title="Rodrigo Díaz de Vivar">Rodrigo Díaz de Vivar</a> — <a href="/wiki/El_Gran_Pacificador" title="El Gran Pacificador">El Gran Pacificador</a> — <a href="/wiki/Hernando_Ixtlilx%C3%B3chitl" title="Hernando Ixtlilxóchitl">Hernando Ixtlilxóchitl</a> — <a href="/wiki/Tlaca%C3%A9lel" title="Tlacaélel">Tlacaélel</a> — <a href="/wiki/Almanzor" title="Almanzor">Almanzor</a> — <a href="/wiki/Kamehameha_I" title="Kamehameha I">Kamehameha I</a> — <a href="/wiki/Blas_de_Lezo" title="Blas de Lezo">Blas de Lezo</a> — <a href="/wiki/Gonzalo_Fern%C3%A1ndez_de_C%C3%B3rdoba" title="Gonzalo Fernández de Córdoba">El Gran Capitán</a> — <a href="/wiki/Tlahuicole" title="Tlahuicole">Tlahuicole</a>
</p>
<p><a href="/wiki/Jos%C3%A9_Agust%C3%ADn" title="José Agustín">José Agustín</a> — <a href="/wiki/Rafael_Alberti" title="Rafael Alberti">Rafael Alberti</a> – <a href="/wiki/Isabel_Allende" title="Isabel Allende">Isabel Allende</a> — <a href="/wiki/D%C3%A1maso_Alonso" title="Dámaso Alonso">Dámaso Alonso</a> – <a href="/wiki/Germ%C3%A1n_Arciniegas" title="Germán Arciniegas">Germán Arciniegas</a> – <a href="/wiki/Reinaldo_Arenas" title="Reinaldo Arenas">Reinaldo Arenas</a> – <a href="/wiki/Roberto_Arlt" title="Roberto Arlt">Roberto Arlt</a> – <a href="/wiki/Francisco_Ayala" title="Francisco Ayala">Francisco Ayala</a> — <a href="/wiki/Adolfo_Bioy_Casares" title="Adolfo Bioy Casares">Adolfo Bioy Casares</a> — <a class="new" href="/w/index.php?title=Gerardo_Bloomerfield&amp;action=edit&amp;redlink=1" title="Gerardo Bloomerfield (aún no redactado)">Gerardo Bloomerfield</a> — <a href="/wiki/Jorge_Luis_Borges" title="Jorge Luis Borges">Jorge Luis Borges</a> — <a href="/wiki/Antonio_Buero_Vallejo" title="Antonio Buero Vallejo">Antonio Buero Vallejo</a> — <a href="/wiki/Guillermo_Cabrera_Infante" title="Guillermo Cabrera Infante">Guillermo Cabrera Infante</a> — <a href="/wiki/Pedro_Calder%C3%B3n_de_la_Barca" title="Pedro Calderón de la Barca">Pedro Calderón de la Barca</a> – <a href="/wiki/Alejo_Carpentier" title="Alejo Carpentier">Alejo Carpentier</a> – <a href="/wiki/Jorge_Carrera_Andrade" title="Jorge Carrera Andrade">Jorge Carrera Andrade</a> — <a href="/wiki/Benjam%C3%ADn_Carri%C3%B3n" title="Benjamín Carrión">Benjamín Carrión</a> — <a class="mw-redirect" href="/wiki/Fanny_Carri%C3%B3n_de_Fierro" title="Fanny Carrión de Fierro">Fanny Carrión de Fierro</a> — <a href="/wiki/Am%C3%A9rico_Castro" title="Américo Castro">Américo Castro</a> – <a href="/wiki/Camilo_Jos%C3%A9_Cela" title="Camilo José Cela">Camilo José Cela</a> – <a class="mw-redirect" href="/wiki/Miguel_de_Cervantes_Saavedra" title="Miguel de Cervantes Saavedra">Miguel de Cervantes Saavedra</a> — <a href="/wiki/Alfredo_Conde" title="Alfredo Conde">Alfredo Conde</a> — <a href="/wiki/Jorge_Cuesta" title="Jorge Cuesta">Jorge Cuesta</a> – <a href="/wiki/Rub%C3%A9n_Dar%C3%ADo" title="Rubén Darío">Rubén Darío</a> – <a href="/wiki/Miguel_Delibes" title="Miguel Delibes">Miguel Delibes</a> — <a href="/wiki/Gerardo_Diego" title="Gerardo Diego">Gerardo Diego</a> — <a href="/wiki/Jorge_Edwards" title="Jorge Edwards">Jorge Edwards</a> — <a href="/wiki/Gonzalo_Escudero" title="Gonzalo Escudero">Gonzalo Escudero</a> – <a href="/wiki/Macedonio_Fern%C3%A1ndez" title="Macedonio Fernández">Macedonio Fernández</a> — <a href="/wiki/Roberto_Fontanarrosa" title="Roberto Fontanarrosa">Roberto Fontanarrosa</a> — <a href="/wiki/Carlos_Fuentes" title="Carlos Fuentes">Carlos Fuentes</a> — <a href="/wiki/Federico_Garc%C3%ADa_Lorca" title="Federico García Lorca">Federico García Lorca</a> – <a href="/wiki/Gabriel_Garc%C3%ADa_M%C3%A1rquez" title="Gabriel García Márquez">Gabriel García Márquez</a> — <a href="/wiki/Jos%C3%A9_Garc%C3%ADa_Nieto" title="José García Nieto">José García Nieto</a> — <a href="/wiki/Garcilaso_de_la_Vega" title="Garcilaso de la Vega">Garcilaso de la Vega</a> – <a href="/wiki/Luis_de_G%C3%B3ngora" title="Luis de Góngora">Luis de Góngora</a> — <a href="/wiki/Enrique_Gonz%C3%A1lez_Mart%C3%ADnez" title="Enrique González Martínez">Enrique González Martínez</a> – <a class="mw-redirect" href="/wiki/Fray_Luis_de_Granada" title="Fray Luis de Granada">Fray Luis de Granada</a> – <a href="/wiki/Paul_Groussac" title="Paul Groussac">Paul Groussac</a> – <a href="/wiki/Jorge_Guill%C3%A9n" title="Jorge Guillén">Jorge Guillén</a> — <a href="/wiki/Nicol%C3%A1s_Guill%C3%A9n" title="Nicolás Guillén">Nicolás Guillén</a> — <a href="/wiki/Ricardo_Gull%C3%B3n" title="Ricardo Gullón">Ricardo Gullón</a> — <a href="/wiki/Jos%C3%A9_Hierro" title="José Hierro">José Hierro</a> — <a href="/wiki/Jorge_Icaza" title="Jorge Icaza">Jorge Icaza</a> — <a href="/wiki/Jorge_Isaacs" title="Jorge Isaacs">Jorge Isaacs</a> – <a href="/wiki/Dulce_Mar%C3%ADa_Loynaz" title="Dulce María Loynaz">Dulce María Loynaz</a> — <a href="/wiki/Jos%C3%A9_Jim%C3%A9nez_Lozano" title="José Jiménez Lozano">José Jiménez Lozano</a> — <a href="/wiki/Luis_Landero" title="Luis Landero">Luis Landero</a> – <a href="/wiki/Salvador_de_Madariaga" title="Salvador de Madariaga">Salvador de Madariaga</a> — <a href="/wiki/Ramiro_de_Maeztu" title="Ramiro de Maeztu">Ramiro de Maeztu</a> — <a href="/wiki/Juan_Mars%C3%A9" title="Juan Marsé">Juan Marsé</a> – <a href="/wiki/Juan_Montalvo" title="Juan Montalvo">Juan Montalvo</a> — <a href="/wiki/%C3%81lvaro_Mutis" title="Álvaro Mutis">Álvaro Mutis</a> — <a href="/wiki/Antonio_Nari%C3%B1o" title="Antonio Nariño">Antonio Nariño</a> – <a href="/wiki/Silvina_Ocampo" title="Silvina Ocampo">Silvina Ocampo</a> – <a href="/wiki/Juan_Carlos_Onetti" title="Juan Carlos Onetti">Juan Carlos Onetti</a> — <a href="/wiki/Francisco_de_Osuna" title="Francisco de Osuna">Francisco de Osuna</a> – <a href="/wiki/Pablo_Palacio" title="Pablo Palacio">Pablo Palacio</a> — <a href="/wiki/Fernando_del_Paso" title="Fernando del Paso">Fernando del Paso</a> — <a href="/wiki/Octavio_Paz" title="Octavio Paz">Octavio Paz</a> — <a href="/wiki/Benito_P%C3%A9rez_Gald%C3%B3s" title="Benito Pérez Galdós">Benito Pérez Galdós</a> – <a class="mw-redirect" href="/wiki/Arturo_P%C3%A9rez_Reverte" title="Arturo Pérez Reverte">Arturo Pérez Reverte</a> — <a href="/wiki/Sergio_Pitol" title="Sergio Pitol">Sergio Pitol</a> — <a href="/wiki/Syria_Poletti" title="Syria Poletti">Syria Poletti</a> — <a href="/wiki/Manuel_Puig" title="Manuel Puig">Manuel Puig</a> – <a class="mw-redirect" href="/wiki/Francisco_de_Quevedo_y_Villegas" title="Francisco de Quevedo y Villegas">Francisco de Quevedo y Villegas</a> – <a href="/wiki/Jos%C3%A9_Revueltas" title="José Revueltas">José Revueltas</a> – <a href="/wiki/Alfonso_Reyes_Ochoa" title="Alfonso Reyes Ochoa">Alfonso Reyes</a> – <a href="/wiki/Augusto_Roa_Bastos" title="Augusto Roa Bastos">Augusto Roa Bastos</a> — <a href="/wiki/Fernando_de_Rojas" title="Fernando de Rojas">Fernando de Rojas</a> – <a href="/wiki/Gonzalo_Rojas" title="Gonzalo Rojas">Gonzalo Rojas</a> — <a href="/wiki/Manuel_Rojas_(escritor)" title="Manuel Rojas (escritor)">Manuel Rojas</a> – <a href="/wiki/Luis_Rosales" title="Luis Rosales">Luis Rosales</a> – <a href="/wiki/Juan_Rulfo" title="Juan Rulfo">Juan Rulfo</a> — <a href="/wiki/Diego_de_Saavedra_Fajardo" title="Diego de Saavedra Fajardo">Diego de Saavedra Fajardo</a> – <a href="/wiki/Ernesto_Sabato" title="Ernesto Sabato">Ernesto Sabato</a> — <a href="/wiki/Rafael_S%C3%A1nchez_Ferlosio" title="Rafael Sánchez Ferlosio">Rafael Sánchez Ferlosio</a> — <a href="/wiki/Severo_Sarduy" title="Severo Sarduy">Severo Sarduy</a> – <a href="/wiki/Javier_Sierra" title="Javier Sierra">Javier Sierra</a> — <a href="/wiki/Lorenzo_Silva" title="Lorenzo Silva">Lorenzo Silva</a> — <a href="/wiki/Mar%C3%ADa_Tena" title="María Tena">María Tena</a> – <a href="/wiki/Suso_de_Toro" title="Suso de Toro">Suso de Toro</a> — <a href="/wiki/Gonzalo_Torrente_Ballester" title="Gonzalo Torrente Ballester">Gonzalo Torrente Ballester</a> — <a href="/wiki/Francisco_Umbral" title="Francisco Umbral">Francisco Umbral</a> — <a href="/wiki/Rodolfo_Usigli" title="Rodolfo Usigli">Rodolfo Usigli</a> — <a href="/wiki/Mario_Vargas_Llosa" title="Mario Vargas Llosa">Mario Vargas Llosa</a> — <a href="/wiki/C%C3%A9sar_Vallejo" title="César Vallejo">César Vallejo</a> — <a class="mw-redirect" href="/wiki/Luis_Vives" title="Luis Vives">Luis Vives</a> — <a href="/wiki/Mar%C3%ADa_Elena_Walsh" title="María Elena Walsh">María Elena Walsh</a> – <a href="/wiki/Agust%C3%ADn_Y%C3%A1%C3%B1ez" title="Agustín Yáñez">Agustín Yáñez</a> – <a href="/wiki/Mar%C3%ADa_Zambrano" title="María Zambrano">María Zambrano</a> — <a href="/wiki/Nezahualc%C3%B3yotl" title="Nezahualcóyotl">Nezahualcóyotl</a> — <a class="mw-redirect" href="/wiki/Sor_Juana_In%C3%A9s_de_la_Cruz" title="Sor Juana Inés de la Cruz">Sor Juana Inés de la Cruz</a> — <a href="/wiki/Antonio_Valeriano" title="Antonio Valeriano">Antonio Valeriano</a> — <a href="/wiki/Bernardino_de_Sahag%C3%BAn" title="Bernardino de Sahagún">Bernardino de Sahagún</a> — <a href="/wiki/Bartolom%C3%A9_Cairasco_de_Figueroa" title="Bartolomé Cairasco de Figueroa">Bartolomé Cairasco de Figueroa</a> — <a href="/wiki/Bernal_D%C3%ADaz_del_Castillo" title="Bernal Díaz del Castillo">Bernal Díaz del Castillo</a> — <a href="/wiki/Lu%C3%ADs_de_Cam%C3%B5es" title="Luís de Camões">Luís de Camões</a> — <a href="/wiki/Domingo_Francisco_Chimalpahin_Quauhtlehuanitzin" title="Domingo Francisco Chimalpahin Quauhtlehuanitzin">Chimalpahin</a> — <a href="/wiki/Hernando_de_Alvarado_Tezoz%C3%B3moc" title="Hernando de Alvarado Tezozómoc">Hernando de Alvarado Tezozómoc</a>
</p>
<p><a href="/wiki/Jos%C3%A9_Celestino_Mutis" title="José Celestino Mutis">José Celestino Mutis</a> – <a href="/wiki/Gregorio_Mara%C3%B1%C3%B3n" title="Gregorio Marañón">Gregorio Marañón</a> – <a href="/wiki/Isaac_Peral" title="Isaac Peral">Isaac Peral</a> – <a href="/wiki/Leonardo_Torres_Quevedo" title="Leonardo Torres Quevedo">Leonardo Torres Quevedo</a> – <a class="mw-redirect" href="/wiki/Eduardo_Torroja" title="Eduardo Torroja">Eduardo Torroja</a> – <a href="/wiki/Eladio_Dieste" title="Eladio Dieste">Eladio Dieste</a> – <a class="mw-redirect" href="/wiki/Esteve_Terrades" title="Esteve Terrades">Esteve Terrades</a> – <a href="/wiki/Miguel_Servet" title="Miguel Servet">Miguel Servet</a> – <a href="/wiki/Santiago_Calatrava" title="Santiago Calatrava">Santiago Calatrava</a> – <a href="/wiki/Jorge_Matute_Remus" title="Jorge Matute Remus">Jorge Matute Remus</a> – <a class="mw-redirect" href="/wiki/Arturo_Rosenblueth" title="Arturo Rosenblueth">Arturo Rosenblueth</a> – <a class="mw-redirect" href="/wiki/Agust%C3%ADn_de_Bethancourt" title="Agustín de Bethancourt">Agustín de Bethancourt</a> – <a class="new" href="/w/index.php?title=Pedro_Paulet_Mostajo&amp;action=edit&amp;redlink=1" title="Pedro Paulet Mostajo (aún no redactado)">Pedro Paulet Mostajo</a> — <a href="/wiki/Ricardo_Miledi" title="Ricardo Miledi">Ricardo Miledi</a> — <a class="new" href="/w/index.php?title=Fernando_Ortiz_Crespo&amp;action=edit&amp;redlink=1" title="Fernando Ortiz Crespo (aún no redactado)">Fernando Ortiz Crespo</a> — <a class="mw-redirect" href="/wiki/Humberto_Fern%C3%A1ndez_Mor%C3%A1n" title="Humberto Fernández Morán">Humberto Fernández Morán</a> — <a href="/wiki/Nabor_Carrillo" title="Nabor Carrillo">Nabor Carrillo</a> — <a href="/wiki/Jos%C3%A9_Mar%C3%ADa_Fonollosa" title="José María Fonollosa">José María Fonollosa</a> — <a class="mw-redirect" href="/wiki/Rodrigo_Fierro_Ben%C3%ADtez" title="Rodrigo Fierro Benítez">Rodrigo Fierro Benítez</a> — <a class="new" href="/w/index.php?title=Carlos_Pfeifer_de_Formica-Corsi&amp;action=edit&amp;redlink=1" title="Carlos Pfeifer de Formica-Corsi (aún no redactado)">Carlos Pfeifer de Formica-Corsi</a> — <a class="new" href="/w/index.php?title=Jos%C3%A9_Jim%C3%A9nez_Jimena&amp;action=edit&amp;redlink=1" title="José Jiménez Jimena (aún no redactado)">José Jiménez Jimena</a> — <a href="/wiki/Carlos_Ra%C3%BAl_Villanueva" title="Carlos Raúl Villanueva">Carlos Raúl Villanueva</a>
</p>
<p><a href="/wiki/Jos%C3%A9_Echegaray" title="José Echegaray">José Echegaray</a> – <a href="/wiki/%C3%93scar_Arias_S%C3%A1nchez" title="Óscar Arias Sánchez">Óscar Arias Sánchez</a> – <a href="/wiki/Santiago_Ram%C3%B3n_y_Cajal" title="Santiago Ramón y Cajal">Santiago Ramón y Cajal</a> – <a href="/wiki/Severo_Ochoa" title="Severo Ochoa">Severo Ochoa</a> – <a href="/wiki/Baruj_Benacerraf" title="Baruj Benacerraf">Baruj Benacerraf</a> – <a href="/wiki/Pablo_Neruda" title="Pablo Neruda">Pablo Neruda</a>– <a href="/wiki/Gabriel_Garc%C3%ADa_M%C3%A1rquez" title="Gabriel García Márquez">Gabriel García Márquez</a> — <a class="mw-redirect" href="/wiki/Miguel_Angel_Asturias" title="Miguel Angel Asturias">Miguel Angel Asturias</a> — <a href="/wiki/Gabriela_Mistral" title="Gabriela Mistral">Gabriela Mistral</a> — <a href="/wiki/Alfonso_Garc%C3%ADa_Robles" title="Alfonso García Robles">Alfonso García Robles</a> — <a href="/wiki/Luis_Federico_Leloir" title="Luis Federico Leloir">Luis Federico Leloir</a> — <a class="mw-redirect mw-disambig" href="/wiki/Mario_J._Molina" title="Mario J. Molina">Mario J. Molina</a> — <a class="mw-redirect" href="/wiki/Bernardo_Alberto_Houssay" title="Bernardo Alberto Houssay">Bernardo Alberto Houssay</a> — <a href="/wiki/C%C3%A9sar_Milstein" title="César Milstein">César Milstein</a> — <a href="/wiki/Camilo_Jos%C3%A9_Cela" title="Camilo José Cela">Camilo José Cela</a> — <a href="/wiki/Octavio_Paz" title="Octavio Paz">Octavio Paz</a> — <a href="/wiki/Vicente_Aleixandre" title="Vicente Aleixandre">Vicente Aleixandre</a> — <a href="/wiki/Juan_Ram%C3%B3n_Jim%C3%A9nez" title="Juan Ramón Jiménez">Juan Ramón Jiménez</a> — <a href="/wiki/Jacinto_Benavente" title="Jacinto Benavente">Jacinto Benavente</a> — <a href="/wiki/Carlos_Saavedra_Lamas" title="Carlos Saavedra Lamas">Carlos Saavedra Lamas</a> — <a href="/wiki/Adolfo_P%C3%A9rez_Esquivel" title="Adolfo Pérez Esquivel">Adolfo Pérez Esquivel</a> — <a href="/wiki/Rigoberta_Mench%C3%BA" title="Rigoberta Menchú">Rigoberta Menchú</a> — <a href="/wiki/Mario_Vargas_Llosa" title="Mario Vargas Llosa">Mario Vargas Llosa</a> — <a href="/wiki/Juan_Manuel_Santos" title="Juan Manuel Santos">Juan Manuel Santos</a>
</p>
<p><a href="/wiki/Oswaldo_Guayasam%C3%ADn" title="Oswaldo Guayasamín">Oswaldo Guayasamín</a> – <a href="/wiki/Eduardo_Kingman" title="Eduardo Kingman">Eduardo Kingman</a> — <a class="mw-redirect" href="/wiki/Antonio_Gaud%C3%AD" title="Antonio Gaudí">Antonio Gaudí</a> – <a href="/wiki/David_Alfaro_Siqueiros" title="David Alfaro Siqueiros">David Alfaro Siqueiros</a> — <a href="/wiki/Diego_Rivera" title="Diego Rivera">Diego Rivera</a> — <a href="/wiki/Frida_Kahlo" title="Frida Kahlo">Frida Kahlo</a> — <a href="/wiki/Lola_Mora" title="Lola Mora">Lola Mora</a> – <a href="/wiki/Benito_Quinquela_Mart%C3%ADn" title="Benito Quinquela Martín">Benito Quinquela Martín</a> – <a href="/wiki/El_Greco" title="El Greco">El Greco</a> — <a href="/wiki/Alberto_Ag%C3%BCero" title="Alberto Agüero">Alberto Agüero</a> — <a class="mw-redirect" href="/wiki/Jorge_Oteiza" title="Jorge Oteiza">Jorge Oteiza</a> — <a href="/wiki/Armando_Rever%C3%B3n" title="Armando Reverón">Armando Reverón</a> — <a href="/wiki/Arturo_Michelena" title="Arturo Michelena">Arturo Michelena</a> — <a href="/wiki/Tito_Salas" title="Tito Salas">Tito Salas</a> — <a href="/wiki/Salvador_Dal%C3%AD" title="Salvador Dalí">Salvador Dalí</a> — <a href="/wiki/Desiderio_Hern%C3%A1ndez_Xochitiotzin" title="Desiderio Hernández Xochitiotzin">Desiderio Hernández Xochitiotzin</a>
</p>
<p><a href="/wiki/Popol_Vuh" title="Popol Vuh">Popol Vuh</a> – <a href="/wiki/Cantar_de_mio_Cid" title="Cantar de mio Cid">Cantar de mio Cid</a> – <a href="/wiki/Biblia" title="Biblia">Biblia</a> — <a href="/wiki/Milagros_de_Nuestra_Se%C3%B1ora" title="Milagros de Nuestra Señora">Milagros de Nuestra Señora</a> – <a href="/wiki/Libro_de_buen_amor" title="Libro de buen amor">Libro de buen amor</a> – <a href="/wiki/Coplas_por_la_muerte_de_su_padre" title="Coplas por la muerte de su padre">Coplas por la muerte de su padre</a> – <a href="/wiki/Huei_tlamahui%C3%A7oltica" title="Huei tlamahuiçoltica">Huei tlamahuiçoltica</a> – <a href="/wiki/Chilam_Balam" title="Chilam Balam">Chilam Balam</a> – <a href="/wiki/Tirante_el_Blanco" title="Tirante el Blanco">Tirante el Blanco</a> – <a href="/wiki/La_Celestina" title="La Celestina">La Celestina</a> – <a class="new" href="/w/index.php?title=Sonetos_de_Garcilaso&amp;action=edit&amp;redlink=1" title="Sonetos de Garcilaso (aún no redactado)">Sonetos de Garcilaso</a> – <a href="/wiki/Noche_oscura_del_alma" title="Noche oscura del alma">Noche oscura del alma</a> – <a href="/wiki/El_libro_de_la_vida" title="El libro de la vida">El libro de la vida</a> – <a class="mw-redirect" href="/wiki/Lazarillo_de_Tormes" title="Lazarillo de Tormes">Lazarillo de Tormes</a> – <a class="mw-redirect" href="/wiki/Novelas_Ejemplares" title="Novelas Ejemplares">Novelas Ejemplares</a> – <a class="mw-redirect" href="/wiki/El_Busc%C3%B3n" title="El Buscón">El Buscón</a> – <a href="/wiki/El_alcalde_de_Zalamea" title="El alcalde de Zalamea">El alcalde de Zalamea</a> – <a href="/wiki/La_vida_es_sue%C3%B1o" title="La vida es sueño">La vida es sueño</a> – <a href="/wiki/Fuenteovejuna" title="Fuenteovejuna">Fuenteovejuna</a> – <a href="/wiki/F%C3%A1bula_de_Polifemo_y_Galatea" title="Fábula de Polifemo y Galatea">Fábula de Polifemo y Galatea</a> – <a href="/wiki/El_burlador_de_Sevilla_y_convidado_de_piedra" title="El burlador de Sevilla y convidado de piedra">El burlador de Sevilla y convidado de piedra</a> – <a href="/wiki/El_s%C3%AD_de_las_ni%C3%B1as" title="El sí de las niñas">El sí de las niñas</a> – <a class="mw-redirect" href="/wiki/Las_f%C3%A1bulas_de_Esopo" title="Las fábulas de Esopo">Las fábulas de Esopo</a> – <a class="mw-redirect" href="/wiki/Don_%C3%81lvaro_o_la_fuerza_del_Sino" title="Don Álvaro o la fuerza del Sino">Don Álvaro o la fuerza del Sino</a> – <a href="/wiki/Don_Juan_Tenorio" title="Don Juan Tenorio">Don Juan Tenorio</a> – <a href="/wiki/Rimas_(B%C3%A9cquer)" title="Rimas (Bécquer)">Rimas de Bécquer</a> – <a href="/wiki/Leyendas_de_B%C3%A9cquer" title="Leyendas de Bécquer">Leyendas de Bécquer</a> – <a href="/wiki/La_Regenta" title="La Regenta">La Regenta</a> – <a href="/wiki/Fortunata_y_Jacinta" title="Fortunata y Jacinta">Fortunata y Jacinta</a> – <a class="mw-redirect" href="/wiki/Mart%C3%ADn_Fierro" title="Martín Fierro">Martín Fierro</a> – <a class="mw-redirect" href="/wiki/Canto_General" title="Canto General">Canto General</a> – <a href="/wiki/Platero_y_yo" title="Platero y yo">Platero y yo</a> – <a href="/wiki/Campos_de_Castilla" title="Campos de Castilla">Campos de Castilla</a> – <a class="mw-redirect" href="/wiki/Romancero_Gitano" title="Romancero Gitano">Romancero Gitano</a> — <a href="/wiki/La_casa_de_Bernarda_Alba" title="La casa de Bernarda Alba">La casa de Bernarda Alba</a> – <a href="/wiki/Cien_a%C3%B1os_de_soledad" title="Cien años de soledad">Cien años de soledad</a> – <a href="/wiki/La_colmena_(novela)" title="La colmena (novela)">La colmena</a> – <a href="/wiki/La_familia_de_Pascual_Duarte" title="La familia de Pascual Duarte">La familia de Pascual Duarte</a> – <a href="/wiki/Veinte_poemas_de_amor_y_una_canci%C3%B3n_desesperada" title="Veinte poemas de amor y una canción desesperada">Veinte poemas de amor y una canción desesperada</a> – <a href="/wiki/Libertad_bajo_palabra_(libro)" title="Libertad bajo palabra (libro)">Libertad bajo palabra</a> – <a href="/wiki/Rayuela_(novela)" title="Rayuela (novela)">Rayuela</a> – <a href="/wiki/Los_Maia" title="Los Maia">Los Maia</a> – <a href="/wiki/El_llano_en_llamas" title="El llano en llamas">El llano en llamas</a> – <a href="/wiki/Pedro_P%C3%A1ramo" title="Pedro Páramo">Pedro Páramo</a> – <a href="/wiki/Ficciones" title="Ficciones">Ficciones</a> – <a class="mw-redirect" href="/wiki/El_Aleph" title="El Aleph">El Aleph</a> — <a href="/wiki/Huasipungo" title="Huasipungo">Huasipungo</a> — <a class="new" href="/w/index.php?title=V%C3%ADctor_Mira&amp;action=edit&amp;redlink=1" title="Víctor Mira (aún no redactado)">Víctor Mira</a> — <a class="new" href="/w/index.php?title=Caballero_Carmelo&amp;action=edit&amp;redlink=1" title="Caballero Carmelo (aún no redactado)">Caballero Carmelo</a> — <a href="/wiki/Do%C3%B1a_Flor_y_sus_dos_maridos_(novela)" title="Doña Flor y sus dos maridos (novela)">Doña Flor y sus dos maridos</a> — <a href="/wiki/Gabriela,_clavo_y_canela" title="Gabriela, clavo y canela">Gabriela, clavo y canela</a> — <a class="mw-redirect" href="/wiki/Do%C3%B1a_B%C3%A1rbara" title="Doña Bárbara">Doña Bárbara</a> — <a href="/wiki/Cantares_mexicanos" title="Cantares mexicanos">Cantares mexicanos</a> — <a href="/wiki/Cantares_de_Dzitbalch%C3%A9" title="Cantares de Dzitbalché">Cantares de Dzitbalché</a> — <a href="/wiki/Comedia_del_recibimiento" title="Comedia del recibimiento">Comedia del recibimiento</a> — <a href="/wiki/El_G%C3%BCeg%C3%BCense" title="El Güegüense">El Güegüense</a>
</p>
<p><a href="/wiki/Caracas" title="Caracas">Caracas</a> — <a href="/wiki/Ciudad_de_M%C3%A9xico" title="Ciudad de México">Ciudad de México</a> – <a class="mw-redirect" href="/wiki/Santo_Domingo_(capital)" title="Santo Domingo (capital)">Santo Domingo</a> – <a class="mw-redirect" href="/wiki/Santiago_de_Cali" title="Santiago de Cali">Santiago de Cali</a> — <a href="/wiki/Quito" title="Quito">Quito</a> — <a href="/wiki/Guayaquil" title="Guayaquil">Guayaquil</a> — <a href="/wiki/Cuenca_(Ecuador)" title="Cuenca (Ecuador)">Cuenca (Ecuador)</a> — <a href="/wiki/Madrid" title="Madrid">Madrid</a> — <a href="/wiki/Barcelona" title="Barcelona">Barcelona</a> — <a class="mw-redirect" href="/wiki/Valencia_(ciudad)" title="Valencia (ciudad)">Valencia (España)</a> — <a href="/wiki/Sevilla" title="Sevilla">Sevilla</a> — <a class="mw-disambig" href="/wiki/C%C3%B3rdoba" title="Córdoba">Córdoba</a> — <a href="/wiki/Granada" title="Granada">Granada</a> — <a href="/wiki/C%C3%A1ceres" title="Cáceres">Cáceres</a> — <a href="/wiki/Toledo" title="Toledo">Toledo</a> — <a href="/wiki/Segovia" title="Segovia">Segovia</a> — <a href="/wiki/%C3%81vila" title="Ávila">Ávila</a> — <a class="mw-disambig" href="/wiki/Cuenca" title="Cuenca">Cuenca</a> — <a href="/wiki/Valladolid" title="Valladolid">Valladolid</a> — <a href="/wiki/Burgos" title="Burgos">Burgos</a> — <a href="/wiki/Palencia" title="Palencia">Palencia</a> — <a class="mw-disambig" href="/wiki/Santander" title="Santander">Santander</a> — <a href="/wiki/Bilbao" title="Bilbao">Bilbao</a> — <a href="/wiki/Pamplona" title="Pamplona">Pamplona</a> — <a href="/wiki/Le%C3%B3n_(Espa%C3%B1a)" title="León (España)">León</a> — <a href="/wiki/Badajoz" title="Badajoz">Badajoz</a> — <a class="mw-disambig" href="/wiki/M%C3%A9rida" title="Mérida">Mérida</a> — <a href="/wiki/M%C3%A1laga" title="Málaga">Málaga</a> — <a href="/wiki/Malabo" title="Malabo">Malabo</a> — <a href="/wiki/Manila" title="Manila">Manila</a> — <a href="/wiki/La_Habana" title="La Habana">La Habana</a> — <a href="/wiki/Camag%C3%BCey" title="Camagüey">Camagüey</a> — <a href="/wiki/Santiago_de_Cuba" title="Santiago de Cuba">Santiago de Cuba</a> — <a href="/wiki/San_Juan_(Puerto_Rico)" title="San Juan (Puerto Rico)">San Juan</a> — <a href="/wiki/Bogot%C3%A1" title="Bogotá">Bogotá</a> — <a href="/wiki/Guadalajara_(M%C3%A9xico)" title="Guadalajara (México)">Guadalajara</a> — <a href="/wiki/Monterrey" title="Monterrey">Monterrey</a> — <a href="/wiki/Buenos_Aires" title="Buenos Aires">Buenos Aires</a> — <a href="/wiki/Montevideo" title="Montevideo">Montevideo</a> — <a class="mw-redirect" href="/wiki/Asunci%C3%B3n_(Paraguay)" title="Asunción (Paraguay)">Asunción</a> — <a href="/wiki/La_Paz" title="La Paz">La Paz</a> — <a href="/wiki/Lima" title="Lima">Lima</a> — <a href="/wiki/Sucre" title="Sucre">Sucre</a> — <a href="/wiki/Santiago_de_Chile" title="Santiago de Chile">Santiago de Chile</a> — <a href="/wiki/Ciudad_de_Guatemala" title="Ciudad de Guatemala">Ciudad de Guatemala</a> — <a href="/wiki/Ciudad_de_Panam%C3%A1" title="Ciudad de Panamá">Ciudad de Panamá</a> — <a href="/wiki/San_Jos%C3%A9_(Costa_Rica)" title="San José (Costa Rica)">San José</a> — <a href="/wiki/La_Coru%C3%B1a" title="La Coruña">La Coruña</a> — <a href="/wiki/Vigo" title="Vigo">Vigo</a> — <a href="/wiki/El_Aai%C3%BAn" title="El Aaiún">El Aaiún</a>
</p>
<p><a class="mw-redirect" href="/wiki/Revoluci%C3%B3n_Mexicana" title="Revolución Mexicana">Revolución Mexicana</a> — <a class="mw-redirect" href="/wiki/Revoluci%C3%B3n_Cubana" title="Revolución Cubana">Revolución Cubana</a> — <a class="mw-redirect" href="/wiki/Revoluci%C3%B3n_Liberal_Ecuatoriana" title="Revolución Liberal Ecuatoriana">Revolución Liberal Ecuatoriana</a> — <a class="mw-disambig" href="/wiki/Batalla_de_Las_Piedras" title="Batalla de Las Piedras">Batalla de Las Piedras</a> — <a href="/wiki/Batalla_de_Masoller" title="Batalla de Masoller">Batalla de Masoller</a> – <a class="mw-redirect" href="/wiki/Batalla_de_Punta_del_Este" title="Batalla de Punta del Este">Batalla de Punta del Este</a> – <a href="/wiki/Provincia_Oriental" title="Provincia Oriental">Provincia Oriental</a> – <a class="mw-redirect" href="/wiki/Desembarco_de_los_Treinta_y_Tres_Orientales" title="Desembarco de los Treinta y Tres Orientales">Desembarco de los Treinta y Tres Orientales</a> – <a class="mw-redirect" href="/wiki/%C3%89xodo_del_Pueblo_Oriental" title="Éxodo del Pueblo Oriental">Éxodo del Pueblo Oriental</a> – <a href="/wiki/Provincias_Unidas_del_R%C3%ADo_de_la_Plata" title="Provincias Unidas del Río de la Plata">Provincias Unidas del Río de la Plata</a> – <a href="/wiki/Provincias_Unidas_del_Centro_de_Am%C3%A9rica" title="Provincias Unidas del Centro de América">Provincias Unidas del Centro de América</a> – <a href="/wiki/Acuerdo_de_Esquipulas" title="Acuerdo de Esquipulas">Acuerdo de Esquipulas</a> – <a href="/wiki/Virreinato_de_Nueva_Espa%C3%B1a" title="Virreinato de Nueva España">Virreinato de Nueva España</a> — <a href="/wiki/Reino_de_M%C3%A9xico" title="Reino de México">Reino de México</a> — <a href="/wiki/Triple_Alianza_(M%C3%A9xico)" title="Triple Alianza (México)">Triple Alianza</a> — <a class="mw-redirect" href="/wiki/Rep%C3%BAblica_de_Tlaxcala" title="República de Tlaxcala">República de Tlaxcala</a> — <a href="/wiki/Confederaci%C3%B3n_iroquesa" title="Confederación iroquesa">Confederación iroquesa</a> — <a href="/wiki/Imperio_pur%C3%A9pecha" title="Imperio purépecha">Imperio purépecha</a> – <a href="/wiki/Batalla_de_Boyac%C3%A1" title="Batalla de Boyacá">Batalla de Boyacá</a> – <a class="mw-disambig" href="/wiki/Batalla_de_Carabobo" title="Batalla de Carabobo">Batalla de Carabobo</a> – <a href="/wiki/Batalla_de_Pichincha" title="Batalla de Pichincha">Batalla de Pichincha</a> – <a href="/wiki/Batalla_de_Ayacucho" title="Batalla de Ayacucho">Batalla de Ayacucho</a> – <a class="mw-redirect" href="/wiki/Sorpresa_de_Cancha_Rayada" title="Sorpresa de Cancha Rayada">Sorpresa de Cancha Rayada</a> – <a class="mw-redirect" href="/wiki/Rep%C3%BAblica_de_la_Gran_Colombia" title="República de la Gran Colombia">República de la Gran Colombia</a> – <a href="/wiki/Guerra_de_la_Triple_Alianza" title="Guerra de la Triple Alianza">Guerra de la Triple Alianza</a> – <a href="/wiki/Guerra_del_Pac%C3%ADfico" title="Guerra del Pacífico">Guerra del Pacífico</a> – <a href="/wiki/Guerra_contra_la_Confederaci%C3%B3n_Per%C3%BA-Boliviana" title="Guerra contra la Confederación Perú-Boliviana">Guerra contra la Confederación Perú-Boliviana</a> – <a href="/wiki/Guerra_del_Chaco" title="Guerra del Chaco">Guerra del Chaco</a> – <a href="/wiki/Alianza_para_el_Progreso" title="Alianza para el Progreso">Alianza para el Progreso</a> – <a href="/wiki/Imperio_portugu%C3%A9s" title="Imperio portugués">Imperio portugués</a> – <a href="/wiki/Imperio_espa%C3%B1ol" title="Imperio español">Imperio español</a> — <a class="mw-disambig" href="/wiki/Imperio_mexicano" title="Imperio mexicano">Imperio mexicano</a> – <a href="/wiki/Liga_de_Mayap%C3%A1n" title="Liga de Mayapán">Liga de Mayapán</a> – <a class="mw-redirect" href="/wiki/Reino_Visigodo" title="Reino Visigodo">Reino Visigodo</a> – <a href="/wiki/Batalla_de_Covadonga" title="Batalla de Covadonga">Batalla de Covadonga</a> – <a class="mw-redirect" href="/wiki/Reinos_de_Taifas" title="Reinos de Taifas">Reinos de Taifas</a> – <a href="/wiki/Al-%C3%81ndalus" title="Al-Ándalus">Al-Ándalus</a> – <a href="/wiki/Emirato_de_C%C3%B3rdoba" title="Emirato de Córdoba">Emirato de Córdoba</a> — <a href="/wiki/Califato_de_C%C3%B3rdoba" title="Califato de Córdoba">Califato de Córdoba</a> – <a href="/wiki/Reconquista" title="Reconquista">Reconquista</a> – <a href="/wiki/Batalla_de_Las_Navas_de_Tolosa" title="Batalla de Las Navas de Tolosa">Batalla de Las Navas de Tolosa</a> – <a class="mw-redirect" href="/wiki/Las_Siete_Partidas" title="Las Siete Partidas">Las Siete Partidas</a> – <a href="/wiki/Batalla_de_Lepanto" title="Batalla de Lepanto">Batalla de Lepanto</a> – <a href="/wiki/Armada_Invencible" title="Armada Invencible">Armada Invencible</a> – <a class="mw-redirect" href="/wiki/Guerra_de_Sucesi%C3%B3n_Espa%C3%B1ola" title="Guerra de Sucesión Española">Guerra de Sucesión Española</a> – <a href="/wiki/Mot%C3%ADn_de_Aranjuez" title="Motín de Aranjuez">Motín de Aranjuez</a> – <a href="/wiki/Cortes_de_C%C3%A1diz" title="Cortes de Cádiz">Constitución de Cádiz</a> – <a class="mw-redirect" href="/wiki/I_Rep%C3%BAblica_Espa%C3%B1ola" title="I República Española">I República Española</a> – <a class="mw-redirect" href="/wiki/II_Rep%C3%BAblica_Espa%C3%B1ola" title="II República Española">II República Española</a> – <a class="mw-redirect" href="/wiki/Guerra_Hispano-estadounidense" title="Guerra Hispano-estadounidense">Guerra Hispano-estadounidense</a> – <a href="/wiki/Siglo_de_Oro" title="Siglo de Oro">Siglo de Oro</a> – <a href="/wiki/Generaci%C3%B3n_del_98" title="Generación del 98">Generación del 98</a> – <a href="/wiki/Generaci%C3%B3n_del_28" title="Generación del 28">Generación del 28</a> — <a href="/wiki/Generaci%C3%B3n_del_27" title="Generación del 27">Generación del 27</a> – <a class="mw-redirect" href="/wiki/APRA" title="APRA">APRA</a> – <a class="mw-redirect" href="/wiki/Primera_Guerra_Carlista" title="Primera Guerra Carlista">Primera Guerra Carlista</a> – <a href="/wiki/Independencia_de_Colombia" title="Independencia de Colombia">Independencia de Colombia</a> — <a href="/wiki/Independencia_de_M%C3%A9xico" title="Independencia de México">Independencia de México</a> — <a href="/wiki/Independencia_del_Per%C3%BA" title="Independencia del Perú">Independencia del Perú</a> — <a href="/wiki/Tratado_de_Tordesillas" title="Tratado de Tordesillas">Tratado de Tordesillas</a> — <a href="/wiki/Laudo_Arbitral_de_Par%C3%ADs" title="Laudo Arbitral de París">Laudo Arbitral de París</a> – <a href="/wiki/Independencia_de_Guinea_Ecuatorial" title="Independencia de Guinea Ecuatorial">Independencia de Guinea Ecuatorial</a> – <a href="/wiki/Disoluci%C3%B3n_del_Congreso_de_la_Rep%C3%BAblica_del_Per%C3%BA_en_2019" title="Disolución del Congreso de la República del Perú en 2019">Disolución del Congreso de la República del Perú en 2019</a>
</p>
<p><a href="/wiki/Encomienda" title="Encomienda">encomienda</a> – <a href="/wiki/C%C3%B3digo_civil" title="Código civil">código civil</a> – <a href="/wiki/Inflaci%C3%B3n" title="Inflación">inflación</a> – <a href="/wiki/Banco_central" title="Banco central">banco central</a> – <a href="/wiki/Devaluaci%C3%B3n" title="Devaluación">devaluación</a> – <a class="mw-redirect" href="/wiki/Guerrilla" title="Guerrilla">guerrilla</a> – <a href="/wiki/Deuda_externa" title="Deuda externa">deuda externa</a> – <a href="/wiki/Huaso" title="Huaso">huaso</a> – <a href="/wiki/Gaucho" title="Gaucho">gaucho</a> – <a href="/wiki/Populismo" title="Populismo">populismo</a> – <a href="/wiki/Peronismo" title="Peronismo">peronismo</a> – <a href="/wiki/Dictadura" title="Dictadura">dictadura</a> – <a href="/wiki/Democracia" title="Democracia">democracia</a> – <a href="/wiki/Estatuto_de_autonom%C3%ADa" title="Estatuto de autonomía">estatuto de autonomía</a> – <a href="/wiki/Corsario" title="Corsario">corsario</a> – <a class="mw-redirect" href="/wiki/Pirata" title="Pirata">pirata</a> – <a href="/wiki/Doctrina_Monroe" title="Doctrina Monroe">Doctrina Monroe</a> – <a href="/wiki/Reforma_agraria" title="Reforma agraria">reforma agraria</a> – <a href="/wiki/Capitan%C3%ADa_general" title="Capitanía general">capitanía general</a> – <a class="mw-disambig" href="/wiki/Cabildo" title="Cabildo">Cabildo</a> – <a class="mw-redirect" href="/wiki/Real_Audiencia_(Am%C3%A9rica)" title="Real Audiencia (América)">Real Audiencia (América)</a> – <a class="mw-redirect" href="/wiki/Bolsa_de_Valores" title="Bolsa de Valores">Bolsa de Valores</a> – <a class="mw-redirect" href="/wiki/Cortes_espa%C3%B1olas" title="Cortes españolas">Cortes españolas</a> – <a href="/wiki/Inquisici%C3%B3n" title="Inquisición">Inquisición</a> – <a href="/wiki/Guardia_Civil" title="Guardia Civil">Guardia Civil</a> – <a class="mw-redirect" href="/wiki/Derecho_Indiano" title="Derecho Indiano">Derecho Indiano</a> – <a class="mw-redirect" href="/wiki/Microestado" title="Microestado">microestado</a> — <a href="/wiki/Caudillismo" title="Caudillismo">Caudillismo</a> — <a class="new" href="/w/index.php?title=Valores_sociales&amp;action=edit&amp;redlink=1" title="Valores sociales (aún no redactado)">Valores sociales</a> – <a href="/wiki/Virreinato" title="Virreinato">Virreinato</a> – <a href="/wiki/Reinos_de_Indias" title="Reinos de Indias">Reinos de Indias</a> – <a href="/wiki/Leyes_Nuevas" title="Leyes Nuevas">Leyes Nuevas</a> – <a href="/wiki/Calm%C3%A9cac" title="Calmécac">Calmécac</a>
</p>
<p><a href="/wiki/Realismo_m%C3%A1gico" title="Realismo mágico">Realismo mágico</a> — <a href="/wiki/Modernismo_(literatura_en_espa%C3%B1ol)" title="Modernismo (literatura en español)">Modernismo</a> — <a href="/wiki/Difrasismo" title="Difrasismo">Difrasismo</a> — <a class="mw-redirect" href="/wiki/Literatura_argentina" title="Literatura argentina">Literatura argentina</a> — <a class="mw-redirect" href="/wiki/Literatura_mexicana" title="Literatura mexicana">Literatura mexicana</a> — <a href="/wiki/Literatura_espa%C3%B1ola" title="Literatura española">Literatura española</a> — <a href="/wiki/Idioma_catal%C3%A1n" title="Idioma catalán">catalán</a> – <a href="/wiki/Idioma_gallego" title="Idioma gallego">gallego</a> – <a href="/wiki/Euskera" title="Euskera">euskera</a> – <a href="/wiki/Idioma_valenciano" title="Idioma valenciano">valenciano</a> – <a class="mw-redirect" href="/wiki/Bable" title="Bable">bable</a> – <a href="/wiki/Patu%C3%A9s" title="Patués">patués</a> – <a href="/wiki/N%C3%A1huatl" title="Náhuatl">náhuatl</a> — <a href="/wiki/Idioma_guaran%C3%AD" title="Idioma guaraní">guaraní</a> – <a href="/wiki/Lenguas_quechuas" title="Lenguas quechuas">quechua</a> — <a href="/wiki/Idioma_aimara" title="Idioma aimara">aimara</a> — <a href="/wiki/Idioma_fang" title="Idioma fang">fang</a> — <a href="/wiki/Idioma_rife%C3%B1o" title="Idioma rifeño">rifeño</a> — <a href="/wiki/Idioma_mapuche" title="Idioma mapuche">mapuche</a> — <a href="/wiki/Idioma_maya" title="Idioma maya">maya</a> — <a href="/wiki/Idioma_quich%C3%A9" title="Idioma quiché">quiché</a> — <a href="/wiki/Idioma_filipino" title="Idioma filipino">filipino</a> — <a href="/wiki/Hassan%C3%ADa" title="Hassanía">hassanía</a> — <a class="mw-redirect" href="/wiki/Chabacano" title="Chabacano">chabacano</a> — <a class="mw-redirect" href="/wiki/Wayuunaiki" title="Wayuunaiki">wayuunaiki</a> — <a href="/wiki/%C3%91e%27engat%C3%BA" title="Ñe'engatú">ñe'engatú</a> — <a href="/wiki/Idioma_navajo" title="Idioma navajo">navajo</a> — <a href="/wiki/Idioma_cachiquel" title="Idioma cachiquel">cachiquel</a> — <a class="mw-redirect" href="/wiki/Palenquero" title="Palenquero">palenquero</a> — <a class="mw-redirect" href="/wiki/Ngabere" title="Ngabere">ngabere</a> — <a href="/wiki/Idioma_rapanui" title="Idioma rapanui">rapanui</a> — <a class="mw-redirect" href="/wiki/Lucum%C3%AD_(lenguaje)" title="Lucumí (lenguaje)">lucumí</a> — <a href="/wiki/Lenguas_guanches" title="Lenguas guanches">guanche</a> — <a href="/wiki/Idioma_mochica" title="Idioma mochica">mochica</a>
</p>
<p><a class="mw-redirect" href="/wiki/Imperio_Inca" title="Imperio Inca">Imperio Inca</a> – <a class="mw-redirect" href="/wiki/Cultura_Mochica" title="Cultura Mochica">Cultura Mochica</a> – <a href="/wiki/Cultura_tolteca" title="Cultura tolteca">Cultura Tolteca</a> – <a class="mw-redirect" href="/wiki/Cultura_Zapoteca" title="Cultura Zapoteca">Cultura Zapoteca</a> – <a class="new" href="/w/index.php?title=Pueblos_de_Am%C3%A9rica&amp;action=edit&amp;redlink=1" title="Pueblos de América (aún no redactado)">pueblos de América</a> (<a class="mw-redirect" href="/wiki/Amerindio" title="Amerindio">amerindios</a>) – <a href="/wiki/Cultura_maya" title="Cultura maya">Imperio maya</a> – <a class="mw-redirect" href="/wiki/Imperio_Azteca" title="Imperio Azteca">Imperio Azteca</a> – <a class="mw-redirect" href="/wiki/Imperio_Chim%C3%BA" title="Imperio Chimú">Imperio Chimú</a> – <a class="mw-redirect" href="/wiki/Olmecas" title="Olmecas">Olmecas</a> — <a href="/wiki/Cultura_nazca" title="Cultura nazca">Cultura nazca</a> – <a class="mw-redirect" href="/wiki/Cueva_de_altamira" title="Cueva de altamira">cueva de altamira</a> – <a class="mw-disambig" href="/wiki/Atapuerca" title="Atapuerca">Atapuerca</a> – <a href="/wiki/Dama_de_Elche" title="Dama de Elche">Dama de Elche</a> – <a class="mw-redirect" href="/wiki/Mapuches" title="Mapuches">Mapuches</a> — <a href="/wiki/Nahuas" title="Nahuas">Nahuas</a> — <a class="mw-redirect" href="/wiki/Tlaxcaltecas" title="Tlaxcaltecas">Tlaxcaltecas</a> — <a href="/wiki/Mayas_peninsulares" title="Mayas peninsulares">Mayas peninsulares</a> — <a href="/wiki/Guaran%C3%ADes" title="Guaraníes">Guaraníes</a> — <a class="mw-redirect" href="/wiki/Tagalos" title="Tagalos">Tagalos</a> — <a href="/wiki/Ta%C3%ADno" title="Taíno">Taínos</a> — <a href="/wiki/Guanche_(Tenerife)" title="Guanche (Tenerife)">Guanches</a> — <a href="/wiki/Saharaui" title="Saharaui">Saharauis</a> – <a href="/wiki/Iberos" title="Iberos">Iberos</a> – <a class="mw-redirect" href="/wiki/Celtas" title="Celtas">Celtas</a> – <a href="/wiki/Celt%C3%ADberos" title="Celtíberos">Celtíberos</a> – <a href="/wiki/V%C3%A1ndalos" title="Vándalos">Vándalos</a> – <a class="mw-disambig" href="/wiki/Suevos" title="Suevos">Suevos</a> – <a href="/wiki/Alanos" title="Alanos">Alanos</a> – <a class="mw-redirect" href="/wiki/Visigodos" title="Visigodos">Visigodos</a> – <a class="mw-redirect" href="/wiki/Omeyas" title="Omeyas">Omeyas</a> – <a class="mw-redirect" href="/wiki/Nazar%C3%ADes" title="Nazaríes">Nazaríes</a> – <a class="mw-redirect" href="/wiki/Almohades" title="Almohades">Almohades</a> – <a class="mw-redirect" href="/wiki/Benimerines" title="Benimerines">Benimerines</a> – <a href="/wiki/Almor%C3%A1vides" title="Almorávides">Almorávides</a> – <a class="mw-redirect" href="/wiki/Tartessos" title="Tartessos">Tartesios</a> – <a href="/wiki/Astures" title="Astures">Astures</a> — <a class="mw-redirect" href="/wiki/Otom%C3%ADes" title="Otomíes">Otomíes</a> — <a class="mw-redirect" href="/wiki/Mixtecos" title="Mixtecos">Mixtecos</a> — <a class="mw-redirect" href="/wiki/Huastecos" title="Huastecos">Huastecos</a> — <a class="mw-redirect" href="/wiki/Cebuanos" title="Cebuanos">Cebuanos</a> — <a href="/wiki/Chichimeca" title="Chichimeca">Chichimecas</a> — <a href="/wiki/Navajo" title="Navajo">Navajos</a> — <a href="/wiki/Muiscas" title="Muiscas">Muiscas</a> — <a href="/wiki/Rapanui_(etnia)" title="Rapanui (etnia)">Rapanui</a> — <a class="mw-redirect" href="/wiki/Way%C3%BAu" title="Wayúu">Wayúu</a> — <a href="/wiki/Rife%C3%B1os" title="Rifeños">Rifeños</a> — <a class="mw-redirect" href="/wiki/Pur%C3%A9pechas" title="Purépechas">Purépechas</a>
</p>
<p><a class="mw-redirect mw-disambig" href="/wiki/OPS" title="OPS">OPS</a> – <a href="/wiki/Banco_Interamericano_de_Desarrollo" title="Banco Interamericano de Desarrollo">Banco Interamericano de Desarrollo</a> — <a href="/wiki/Banco_Mundial" title="Banco Mundial">Banco Mundial</a> – <a href="/wiki/Mercosur" title="Mercosur">Mercosur</a> – <a href="/wiki/Conferencias_Panamericanas" title="Conferencias Panamericanas">Conferencias Panamericanas</a> – <a class="mw-redirect" href="/wiki/OEA" title="OEA">OEA</a> – <a class="mw-redirect" href="/wiki/CARICOM" title="CARICOM">CARICOM</a> – <a href="/wiki/Comunidad_Andina" title="Comunidad Andina">Comunidad Andina</a> – <a href="/wiki/Tratado_de_Libre_Comercio_de_Am%C3%A9rica_del_Norte" title="Tratado de Libre Comercio de América del Norte">Tratado de Libre Comercio de América del Norte</a> (TLCAN) – <a class="mw-redirect" href="/wiki/CEPAL" title="CEPAL">CEPAL</a> — <a href="/wiki/Uni%C3%B3n_Europea" title="Unión Europea">Unión Europea</a> — <a href="/wiki/Tratado_entre_M%C3%A9xico,_Estados_Unidos_y_Canad%C3%A1" title="Tratado entre México, Estados Unidos y Canadá">Tratado entre México, Estados Unidos y Canadá</a> (T-MEC)
</p>
<p><a href="/wiki/Aconcagua" title="Aconcagua">Aconcagua</a> – <a href="/wiki/Isla_Grande_de_Chilo%C3%A9" title="Isla Grande de Chiloé">Isla Grande de Chiloé</a> – <a class="new" href="/w/index.php?title=Macizo_de_Venezuela&amp;action=edit&amp;redlink=1" title="Macizo de Venezuela (aún no redactado)">Macizo de Venezuela</a> — <a class="new" href="/w/index.php?title=Macizo_de_Brasil&amp;action=edit&amp;redlink=1" title="Macizo de Brasil (aún no redactado)">Macizo de Brasil</a> — <a href="/wiki/Gran_Chaco" title="Gran Chaco">Gran Chaco</a> — <a href="/wiki/Estrecho_de_Gibraltar" title="Estrecho de Gibraltar">Estrecho de Gibraltar</a> – <a href="/wiki/Estrecho_de_Magallanes" title="Estrecho de Magallanes">Estrecho de Magallanes</a> – <a class="mw-redirect" href="/wiki/Cabo_de_Finisterre" title="Cabo de Finisterre">Cabo de Finisterre</a> – Regional — <a class="mw-redirect" href="/wiki/Chimborazo_(volc%C3%A1n)" title="Chimborazo (volcán)">Chimborazo, monte</a> — <a class="mw-redirect" href="/wiki/Cotopaxi_(volc%C3%A1n)" title="Cotopaxi (volcán)">Cotopaxi, volcán</a> — <a href="/wiki/Teide" title="Teide">Teide</a> — <a href="/wiki/Popocat%C3%A9petl" title="Popocatépetl">Popocatépetl</a> — <a href="/wiki/Citlalt%C3%A9petl" title="Citlaltépetl">Citlaltépetl</a> — <a href="/wiki/R%C3%ADo_Guayas" title="Río Guayas">Guayas, río</a> — <a class="mw-redirect" href="/wiki/Pichincha_(volc%C3%A1n)" title="Pichincha (volcán)">Pichincha, volcán</a> — <a href="/wiki/Am%C3%A9rica" title="América">América</a> — <a class="mw-redirect" href="/wiki/Am%C3%A9rica_del_norte" title="América del norte">América del norte</a> — <a class="mw-redirect" href="/wiki/Am%C3%A9rica_del_sur" title="América del sur">América del sur</a> — <a href="/wiki/Europa" title="Europa">Europa</a> — <a href="/wiki/%C3%81frica" title="África">África</a> — <a href="/wiki/R%C3%ADo_Arauca" title="Río Arauca">Río Arauca</a> — <a href="/wiki/Ant%C3%A1rtida_Argentina" title="Antártida Argentina">Antártida Argentina</a> — <a href="/wiki/Patagonia" title="Patagonia">Patagonia</a> — <a class="mw-redirect" href="/wiki/Lago_Titicaca" title="Lago Titicaca">Lago Titicaca</a> — <a href="/wiki/R%C3%ADo_Bravo" title="Río Bravo">Río Bravo</a>
</p>
<p><a href="/wiki/Asado" title="Asado">Asado</a> – <a href="/wiki/Queso_de_Cabrales" title="Queso de Cabrales">Queso de Cabrales</a> – <a href="/wiki/Charqui" title="Charqui">Charqui</a> – <a href="/wiki/Chicha" title="Chicha">Chicha</a> – <a href="/wiki/Cocido_madrile%C3%B1o" title="Cocido madrileño">Cocido madrileño</a> — <a href="/wiki/Cocido_monta%C3%B1%C3%A9s" title="Cocido montañés">Cocido montañés</a> — <a class="mw-redirect" href="/wiki/Escalibada" title="Escalibada">Escalibada</a> – <a href="/wiki/Gazpacho" title="Gazpacho">Gazpacho</a> — <a href="/wiki/Queso_Idiaz%C3%A1bal" title="Queso Idiazábal">Queso Idiazábal</a> – <a href="/wiki/Jam%C3%B3n_ib%C3%A9rico" title="Jamón ibérico">Jamón ibérico</a> – <a href="/wiki/Jam%C3%B3n_serrano" title="Jamón serrano">Jamón serrano</a> — <a class="mw-redirect" href="/wiki/Queso_de_Mah%C3%B3n" title="Queso de Mahón">Queso de Mahón</a> – <a class="mw-redirect" href="/wiki/Marmitako" title="Marmitako">Marmitako</a> – <a href="/wiki/Mazamorra" title="Mazamorra">Mazamorra</a> – <a href="/wiki/Paella" title="Paella">Paella</a> — <a href="/wiki/Pic%C3%B3n_Bejes-Tresviso" title="Picón Bejes-Tresviso">Picón Bejes-Tresviso</a> – <a class="mw-redirect" href="/wiki/Posol" title="Posol">Posol</a> — <a href="/wiki/Pulque" title="Pulque">Pulque</a> – <a class="mw-redirect" href="/wiki/Queso_de_Cantabria" title="Queso de Cantabria">Queso de Cantabria</a> – <a href="/wiki/Queso_majorero" title="Queso majorero">Queso majorero</a> – <a href="/wiki/Queso_manchego" title="Queso manchego">Queso manchego</a> – <a href="/wiki/Queso_de_La_Serena" title="Queso de La Serena">Queso de La Serena</a> – <a href="/wiki/Queso_de_tetilla" title="Queso de tetilla">Queso de tetilla</a> – <a href="/wiki/Queso_zamorano" title="Queso zamorano">Queso zamorano</a> – <a href="/wiki/Quesucos_de_Li%C3%A9bana" title="Quesucos de Liébana">Quesucos de Liébana</a> – <a class="mw-redirect" href="/wiki/Queso_de_Roncal" title="Queso de Roncal">Queso de Roncal</a> – <a href="/wiki/Salmorejo" title="Salmorejo">Salmorejo</a> — <a href="/wiki/Torta_del_Casar" title="Torta del Casar">Torta del Casar</a> – <a class="mw-redirect" href="/wiki/Aguacate" title="Aguacate">Aguacate</a>/<a class="mw-redirect" href="/wiki/Palta" title="Palta">Palta</a> – <a href="/wiki/Taco" title="Taco">Taco</a> — <a href="/wiki/Mole" title="Mole">Mole</a> — <a href="/wiki/Cochinita_pibil" title="Cochinita pibil">Cochinita pibil</a> — <a href="/wiki/Cebiche" title="Cebiche">Cebiche</a> — <a href="/wiki/Pachamanca" title="Pachamanca">Pachamanca</a> — <a href="/wiki/Guacamole" title="Guacamole">Guacamole</a> — <a href="/wiki/Tamal" title="Tamal">Tamal</a> — <a href="/wiki/Cusc%C3%BAs" title="Cuscús">Cuscús</a> — <a href="/wiki/Tay%C3%ADn" title="Tayín">Tayín</a> — <a href="/wiki/Sinigang" title="Sinigang">Sinigang</a> — <a href="/wiki/Pepesup" title="Pepesup">Pepesup</a>
</p>
<p><a class="mw-redirect" href="/wiki/Eucalipto" title="Eucalipto">eucalipto</a> – <a href="/wiki/Araucaria" title="Araucaria">araucaria</a> – <a class="mw-redirect" href="/wiki/Omb%C3%BA" title="Ombú">ombú</a> – <a href="/wiki/Aceituna" title="Aceituna">aceituna</a> – <a class="mw-redirect" href="/wiki/Aj%C3%AD" title="Ají">ají</a> – <a class="mw-redirect" href="/wiki/Chirimoya" title="Chirimoya">chirimoya</a> – <a class="mw-redirect" href="/wiki/Papaya" title="Papaya">papaya</a> – <a class="mw-disambig" href="/wiki/Mango" title="Mango">mango</a> – <a href="/wiki/Frijol" title="Frijol">frijol</a> – <a class="mw-redirect" href="/wiki/Guayaba" title="Guayaba">guayaba</a> – <a href="/wiki/Tomate" title="Tomate">tomate</a> – hierba <a class="mw-disambig" href="/wiki/Mate" title="Mate">mate</a> – <a class="mw-redirect" href="/wiki/Alcornoque" title="Alcornoque">alcornoque</a> – <a class="mw-redirect" href="/wiki/Ca%C3%B1a_de_az%C3%BAcar" title="Caña de azúcar">caña de azúcar</a> — <a class="mw-redirect" href="/wiki/Tamarindo" title="Tamarindo">tamarindo</a> — <a class="mw-redirect" href="/wiki/Amaranto" title="Amaranto">amaranto</a> — <a class="mw-redirect" href="/wiki/Ma%C3%ADz" title="Maíz">maíz</a>
</p>
<p><a href="/wiki/Cavia_porcellus" title="Cavia porcellus">Cuy</a> – <a class="mw-redirect" href="/wiki/Vicu%C3%B1a_(animal)" title="Vicuña (animal)">Vicuña (animal)</a> — <a class="mw-redirect" href="/wiki/Gecko" title="Gecko">Gecko</a>/<a class="mw-redirect" href="/wiki/Tuqueque" title="Tuqueque">Tuqueque</a> — <a class="mw-redirect" href="/wiki/Capibara" title="Capibara">Capibara</a>/<a class="mw-redirect" href="/wiki/Chig%C3%BCire" title="Chigüire">Chigüire</a> — <a href="/wiki/Xoloitzcuintle" title="Xoloitzcuintle">Xoloitzcuintle</a> — <a class="mw-redirect" href="/wiki/Jaguar" title="Jaguar">Jaguar</a> — <a class="mw-redirect" href="/wiki/Tlacuache_com%C3%BAn" title="Tlacuache común">Tlacuache</a> — <a class="mw-redirect" href="/wiki/Ajolote" title="Ajolote">Ajolote</a> — <a class="mw-redirect" href="/wiki/Llama_(animal)" title="Llama (animal)">Llama</a> — <a class="mw-redirect" href="/wiki/Alpaca" title="Alpaca">Alpaca</a>
</p>
<p><a href="/wiki/Tikal" title="Tikal">Tikal</a> – <a href="/wiki/Chich%C3%A9n_Itz%C3%A1" title="Chichén Itzá">Chichén Itzá</a> – <a href="/wiki/Teotihuac%C3%A1n" title="Teotihuacán">Teotihuacán</a> – <a href="/wiki/Machu_Picchu" title="Machu Picchu">Machu Picchu</a> – <a href="/wiki/Ingapirca" title="Ingapirca">Ingapirca</a> — <a class="new" href="/w/index.php?title=Pir%C3%A1mides_mochicas&amp;action=edit&amp;redlink=1" title="Pirámides mochicas (aún no redactado)">Pirámides mochicas</a> – <a class="new" href="/w/index.php?title=Tumba_de_Pacal_en_Palenque&amp;action=edit&amp;redlink=1" title="Tumba de Pacal en Palenque (aún no redactado)">Tumba de Pacal en Palenque</a> – <a class="mw-redirect" href="/wiki/Pir%C3%A1mide_del_Sol_(Teotihuacan)" title="Pirámide del Sol (Teotihuacan)">Pirámide del Sol (Teotihuacan)</a> – <a class="new" href="/w/index.php?title=Centro_de_culto_de_Chavin_de_Huantar&amp;action=edit&amp;redlink=1" title="Centro de culto de Chavin de Huantar (aún no redactado)">centro de culto de Chavin de Huantar</a> – <a class="mw-redirect" href="/wiki/Templo_mayor_de_Tenochtitlan" title="Templo mayor de Tenochtitlan">templo mayor de Tenochtitlan</a> – complejo real de <a href="/wiki/Chan_Chan" title="Chan Chan">Chan Chan</a> – <a href="/wiki/Sacsayhuam%C3%A1n" title="Sacsayhuamán">Sacsayhuamán</a> – <a class="new" href="/w/index.php?title=Red_viaria_del_Chaco&amp;action=edit&amp;redlink=1" title="Red viaria del Chaco (aún no redactado)">red viaria del Chaco</a> – <a class="mw-redirect" href="/wiki/Caminos_del_Inca" title="Caminos del Inca">Caminos del Inca</a> – <a class="mw-redirect" href="/wiki/Estatuas_de_isla_de_Pascua" title="Estatuas de isla de Pascua">estatuas de isla de Pascua</a> – cabezas colosales de los <a class="mw-redirect" href="/wiki/Olmecas" title="Olmecas">olmecas</a> – líneas de <a href="/wiki/Nazca" title="Nazca">Nazca</a> – <a href="/wiki/Brasilia" title="Brasilia">Brasilia</a> – <a class="mw-redirect" href="/wiki/Monasterio_de_El_Escorial" title="Monasterio de El Escorial">monasterio de El Escorial</a> – <a class="mw-redirect" href="/wiki/Mezquita_de_C%C3%B3rdoba" title="Mezquita de Córdoba">Mezquita de Córdoba</a> – <a class="mw-redirect mw-disambig" href="/wiki/Palacio_de_la_Alhambra" title="Palacio de la Alhambra">Palacio de la Alhambra</a> – <a href="/wiki/Muralismo_mexicano" title="Muralismo mexicano">muralismo mexicano</a> — <a href="/wiki/Catedral_Metropolitana_de_la_Ciudad_de_M%C3%A9xico" title="Catedral Metropolitana de la Ciudad de México">Catedral Metropolitana de la Ciudad de México</a> — <a class="mw-redirect" href="/wiki/Las_Meninas" title="Las Meninas">Las Meninas</a>
</p>
<p><a href="/wiki/Jade" title="Jade">jade</a> – <a href="/wiki/Obsidiana" title="Obsidiana">obsidiana</a>
</p>
<p><a href="/wiki/Carabela" title="Carabela">carabela</a> – <a href="/wiki/Arcabuz" title="Arcabuz">arcabuz</a> – <a href="/wiki/Macuahuitl" title="Macuahuitl">macuahuitl</a> – <a href="/wiki/Falcata" title="Falcata">falcata</a> – <a href="/wiki/Escritura_maya" title="Escritura maya">escritura maya</a> – <a href="/wiki/Quipu" title="Quipu">quipu</a> – <a href="/wiki/Corcho" title="Corcho">corcho</a> – <a href="/wiki/Gale%C3%B3n_de_Manila" title="Galeón de Manila">Galeón de Manila</a> – <a class="mw-redirect" href="/wiki/Alta_Velocidad_Espa%C3%B1ola" title="Alta Velocidad Española">AVE</a> – <a href="/wiki/Fotograf%C3%ADa" title="Fotografía">fotografía</a> – <a href="/wiki/Crominancia" title="Crominancia">crominancia</a> – <a href="/wiki/Luminancia" title="Luminancia">luminancia</a> – <a class="mw-redirect" href="/wiki/Sistema_de_Informaci%C3%B3n_Geogr%C3%A1fica" title="Sistema de Información Geográfica">Sistema de Información Geográfica</a> – <a href="/wiki/Isotrop%C3%ADa" title="Isotropía">isotropía</a> — <a href="/wiki/Proceso_reversible" title="Proceso reversible">proceso reversible</a>
</p>
<p><a href="/wiki/Concilio_Vaticano_II" title="Concilio Vaticano II">Concilio Vaticano II</a> – <a href="/wiki/Teolog%C3%ADa_de_la_liberaci%C3%B3n" title="Teología de la liberación">Teología de la liberación</a> – <a href="/wiki/Compa%C3%B1%C3%ADa_de_Jes%C3%BAs" title="Compañía de Jesús">Compañía de Jesús</a> – <a href="/wiki/Pascua" title="Pascua">Pascua</a> – <a href="/wiki/Corpus_Christi" title="Corpus Christi">Corpus Christi</a> – <a href="/wiki/Semana_Santa" title="Semana Santa">Semana Santa</a> – <a href="/wiki/Xantolo" title="Xantolo">Xantolo</a> – <a href="/wiki/Mitolog%C3%ADa_maya" title="Mitología maya">Mitología maya</a> – <a class="mw-redirect" href="/wiki/Mitolog%C3%ADa_azteca" title="Mitología azteca">Mitología azteca</a> – <a href="/wiki/Mitolog%C3%ADa_vasca" title="Mitología vasca">Mitología vasca</a> – <a href="/wiki/Mitolog%C3%ADa_incaica" title="Mitología incaica">Mitología incaica</a> – <a class="mw-redirect" href="/wiki/Mitolog%C3%ADa_guanche" title="Mitología guanche">Mitología guanche</a> – <a class="mw-redirect" href="/wiki/Mitolog%C3%ADa_ibera" title="Mitología ibera">Mitología ibera</a> — <a href="/wiki/Mitolog%C3%ADa_venezolana" title="Mitología venezolana">Mitología venezolana</a> — <a href="/wiki/Mitolog%C3%ADa_asturiana" title="Mitología asturiana">Mitología asturiana</a> — <a class="mw-redirect" href="/wiki/Mitolog%C3%ADa_araucana" title="Mitología araucana">Mitología araucana</a> — <a href="/wiki/Mitolog%C3%ADa_aragonesa" title="Mitología aragonesa">Mitología aragonesa</a> — <a class="new" href="/w/index.php?title=Mitolog%C3%ADa_de_Am%C3%A9rica&amp;action=edit&amp;redlink=1" title="Mitología de América (aún no redactado)">Mitología de América</a> – <a href="/wiki/Camino_de_Santiago" title="Camino de Santiago">Camino de Santiago</a> – <a href="/wiki/Opus_Dei" title="Opus Dei">Opus Dei</a> — <a href="/wiki/Santer%C3%ADa" title="Santería">Santería</a> — <a href="/wiki/Mar%C3%ADa_Lionza" title="María Lionza">María Lionza</a> — <a href="/wiki/Pachamama" title="Pachamama">Pachamama</a> — <a href="/wiki/Inti" title="Inti">Inti</a> — <a href="/wiki/Quetzalc%C3%B3atl" title="Quetzalcóatl">Quetzalcóatl</a> — <a href="/wiki/Huitzilopochtli" title="Huitzilopochtli">Huitzilopochtli</a> — <a href="/wiki/Hunahp%C3%BA" title="Hunahpú">Hunahpú</a> — <a href="/wiki/Ixbalanqu%C3%A9" title="Ixbalanqué">Ixbalanqué</a> — <a href="/wiki/Mari_(diosa)" title="Mari (diosa)">Mari (diosa)</a> — <a href="/wiki/Chaxiraxi" title="Chaxiraxi">Chaxiraxi</a>
</p>
<p><a href="/wiki/Eneagrama" title="Eneagrama">Eneagrama</a> — <a href="/wiki/Esenios" title="Esenios">Esenios</a> — <a href="/wiki/%C3%81ngel" title="Ángel">Ángeles</a>
</p>
<p><a href="/wiki/Guayabera" title="Guayabera">Guayabera</a> – Naipe Español — <a href="/wiki/Baraja_espa%C3%B1ola" title="Baraja española">Baraja española</a> – <a href="/wiki/Mestizo" title="Mestizo">Mestizo</a> – <a href="/wiki/Criollo" title="Criollo">Criollo</a> — <a href="/wiki/Mulato" title="Mulato">Mulato</a> – <a class="mw-disambig" href="/wiki/Patac%C3%B3n" title="Patacón">Patacón</a> – <a href="/wiki/Casa_de_las_Am%C3%A9ricas" title="Casa de las Américas">Casa de las Américas</a> – <a href="/wiki/Premio_Casa_de_las_Am%C3%A9ricas" title="Premio Casa de las Américas">Premio Casa de las Américas</a> – <a class="mw-redirect" href="/wiki/Premio_Cervantes" title="Premio Cervantes">Premio Cervantes</a> – <a class="mw-redirect" href="/wiki/Premio_Pr%C3%ADncipe_de_Asturias" title="Premio Príncipe de Asturias">Premio Príncipe de Asturias</a> – <a href="/wiki/Premio_Planeta" title="Premio Planeta">Premio Planeta</a> – <a href="/wiki/Feria_Internacional_del_Libro_de_Buenos_Aires" title="Feria Internacional del Libro de Buenos Aires">Feria Internacional del Libro de Buenos Aires</a> – <a href="/wiki/Tauromaquia" title="Tauromaquia">Tauromaquia</a> — <a href="/wiki/Habano" title="Habano">habano</a> – <a href="/wiki/Siesta" title="Siesta">siesta</a> – <a href="/wiki/Pi%C3%B1ata" title="Piñata">piñata</a> – <a href="/wiki/Ulama_(juego)" title="Ulama (juego)">Ulama (juego)</a> – <a href="/wiki/Telenovela" title="Telenovela">telenovela</a> – <a class="mw-redirect" href="/wiki/Abanico_(artefacto)" title="Abanico (artefacto)">abanico</a> – <a href="/wiki/S%C3%ADlfide" title="Sílfide">Sílfide</a>
</p>
<p><a href="/wiki/Calendario_maya" title="Calendario maya">Calendario maya</a> – <a href="/wiki/Calendario_mexica" title="Calendario mexica">calendario azteca</a> – <a class="mw-redirect" href="/wiki/Reloj_solar" title="Reloj solar">reloj solar</a>
</p>
<p><a class="mw-redirect" href="/wiki/Instrumentos_musicales" title="Instrumentos musicales">Instrumentos musicales</a>: <a href="/wiki/Marimba" title="Marimba">marimba</a> – <a href="/wiki/Zampo%C3%B1a" title="Zampoña">zampoña</a> – <a class="mw-redirect" href="/wiki/Djemb%C3%A9" title="Djembé">djembé</a> – <a href="/wiki/Tlapitzalli" title="Tlapitzalli">tlapitzalli</a> – <a href="/wiki/Hu%C3%A9huetl" title="Huéhuetl">huéhuetl</a> — <a class="mw-redirect" href="/wiki/M%C3%BAsica_en_la_prehistoria" title="Música en la prehistoria">Música en la prehistoria</a> — <a class="mw-redirect" href="/wiki/M%C3%BAsica_mexicana" title="Música mexicana">Música mexicana</a> — <a href="/wiki/M%C3%BAsica_de_Espa%C3%B1a" title="Música de España">Música española</a> — <a class="mw-redirect" href="/wiki/M%C3%BAsica_peruana" title="Música peruana">Música peruana</a> — <a href="/wiki/Tango" title="Tango">Tango</a> — <a href="/wiki/Huapango" title="Huapango">Huapango</a>
</p>
<p><a href="/wiki/Jos%C3%A9_Pablo_Moncayo" title="José Pablo Moncayo">José Pablo Moncayo</a> — <a href="/wiki/Violeta_Parra" title="Violeta Parra">Violeta Parra</a> – <a href="/wiki/Manuel_M._Ponce" title="Manuel M. Ponce">Manuel M. Ponce</a> — <a href="/wiki/Paloma_San_Basilio" title="Paloma San Basilio">Paloma San Basilio</a> – <a href="/wiki/Diomedes_D%C3%ADaz" title="Diomedes Díaz">Diomedes Díaz</a> – <a href="/wiki/Silvio_Rodr%C3%ADguez" title="Silvio Rodríguez">Silvio Rodríguez</a> – <a href="/wiki/Mercedes_Sosa" title="Mercedes Sosa">Mercedes Sosa</a> – <a href="/wiki/Los_Fronterizos" title="Los Fronterizos">Los Fronterizos</a> — <a class="new" href="/w/index.php?title=Steffano_Viola&amp;action=edit&amp;redlink=1" title="Steffano Viola (aún no redactado)">Steffano Viola</a> — <a class="new" href="/w/index.php?title=Paolo_Pegoraro&amp;action=edit&amp;redlink=1" title="Paolo Pegoraro (aún no redactado)">Paolo Pegoraro</a> — <a class="mw-disambig" href="/wiki/Jos%C3%A9_Guti%C3%A9rrez" title="José Gutiérrez">José Gutiérrez</a> — <a class="new" href="/w/index.php?title=Tr%C3%ADo_Nahual&amp;action=edit&amp;redlink=1" title="Trío Nahual (aún no redactado)">Trío Nahual</a> — <a href="/wiki/Jos%C3%A9_Alfredo_Jim%C3%A9nez" title="José Alfredo Jiménez">José Alfredo Jiménez</a> — <a href="/wiki/Sim%C3%B3n_D%C3%ADaz" title="Simón Díaz">Simón Díaz</a> — <a href="/wiki/Atahualpa_Yupanqui" title="Atahualpa Yupanqui">Atahualpa Yupanqui</a>
</p>
<p><a class="mw-redirect" href="/wiki/Antonio_Soler_(compositor)" title="Antonio Soler (compositor)">Antonio Soler (compositor)</a> – <a href="/wiki/Enrique_Granados" title="Enrique Granados">Enrique Granados</a> – <a href="/wiki/Manuel_de_Falla" title="Manuel de Falla">Manuel de Falla</a> – <a href="/wiki/Andr%C3%A9s_Segovia" title="Andrés Segovia">Andrés Segovia</a> – <a class="mw-redirect" href="/wiki/Pablo_Casals" title="Pablo Casals">Pablo Casals</a> – <a href="/wiki/Astor_Piazzolla" title="Astor Piazzolla">Astor Piazzolla</a> – <a href="/wiki/Francisco_T%C3%A1rrega" title="Francisco Tárrega">Francisco Tárrega</a> — <a class="new" href="/w/index.php?title=Rodolfo_Cazares&amp;action=edit&amp;redlink=1" title="Rodolfo Cazares (aún no redactado)">Rodolfo Cazares</a> — <a href="/wiki/Leo_Brouwer" title="Leo Brouwer">Leo Brouwer</a> — <a href="/wiki/Antonio_Lauro" title="Antonio Lauro">Antonio Lauro</a> — <a href="/wiki/Hernando_Franco" title="Hernando Franco">Hernando Franco</a> — <a href="/wiki/Gaspar_Fern%C3%A1ndez" title="Gaspar Fernández">Gaspar Fernández</a>
</p>
<p><a href="/wiki/Juan_Manuel_Blanes" title="Juan Manuel Blanes">Juan Manuel Blanes</a> — <a href="/wiki/Diego_de_la_Cruz" title="Diego de la Cruz">Diego de la Cruz</a> – <a href="/wiki/Jean_Fautrier" title="Jean Fautrier">Jean Fautrier</a> — <a href="/wiki/Pedro_Figari" title="Pedro Figari">Pedro Figari</a> — <a href="/wiki/Mariano_Fortuny" title="Mariano Fortuny">Mariano Fortuny</a> – <a href="/wiki/Francisco_de_Goya" title="Francisco de Goya">Francisco de Goya</a> – <a href="/wiki/El_Greco" title="El Greco">El Greco</a> — <a href="/wiki/Juan_Gris" title="Juan Gris">Juan Gris</a> — <a href="/wiki/Juan_de_Juanes" title="Juan de Juanes">Juan de Juanes</a> — <a href="/wiki/Joan_Mir%C3%B3" title="Joan Miró">Joan Miró</a> — <a href="/wiki/Bartolom%C3%A9_Esteban_Murillo" title="Bartolomé Esteban Murillo">Bartolomé Esteban Murillo</a> — <a href="/wiki/Jos%C3%A9_Clemente_Orozco" title="José Clemente Orozco">José Clemente Orozco</a> — <a href="/wiki/Pablo_Picasso" title="Pablo Picasso">Pablo Picasso</a> — <a href="/wiki/Jos%C3%A9_de_Ribera" title="José de Ribera">José de Ribera</a> — <a href="/wiki/Diego_Rivera" title="Diego Rivera">Diego Rivera</a> — <a href="/wiki/David_Alfaro_Siqueiros" title="David Alfaro Siqueiros">David Alfaro Siqueiros</a> — <a href="/wiki/Antoni_T%C3%A0pies" title="Antoni Tàpies">Antoni Tàpies</a> — <a href="/wiki/Joaqu%C3%ADn_Torres_Garc%C3%ADa" title="Joaquín Torres García">Joaquín Torres García</a> — <a class="mw-redirect" href="/wiki/Diego_Rodr%C3%ADguez_de_Silva_y_Vel%C3%A1zquez" title="Diego Rodríguez de Silva y Velázquez">Diego Velázquez</a> — <a href="/wiki/Francisco_de_Zurbar%C3%A1n" title="Francisco de Zurbarán">Francisco de Zurbarán</a> — <a href="/wiki/Jos%C3%A9_G._%C3%81lvarez" title="José G. Álvarez">José G. Álvarez</a>
</p>
<p><a class="mw-redirect" href="/wiki/Mal_de_Chagas" title="Mal de Chagas">Mal de Chagas</a> — <a href="/wiki/Dengue" title="Dengue">Dengue</a> — <a class="mw-redirect" href="/wiki/Zika" title="Zika">Zika</a> — <a href="/wiki/Fiebre_amarilla" title="Fiebre amarilla">Fiebre amarilla</a> — <a class="new" href="/w/index.php?title=Mal_de_p%C3%A1ramo&amp;action=edit&amp;redlink=1" title="Mal de páramo (aún no redactado)">Mal de páramo</a>/<a class="mw-redirect" href="/wiki/Soroche" title="Soroche">Soroche</a>/<a href="/wiki/Puna" title="Puna">Puna</a> — <a href="/wiki/Real_Expedici%C3%B3n_Filantr%C3%B3pica_de_la_Vacuna" title="Real Expedición Filantrópica de la Vacuna">Real Expedición Filantrópica de la Vacuna</a>
</p>
<p><a href="/wiki/Lemuria" title="Lemuria">Lemuria</a> – <a class="mw-redirect" href="/wiki/El_Conde_de_Saint_Germain" title="El Conde de Saint Germain">El Conde de Saint Germain</a> – <a href="/wiki/Mu_(continente_perdido)" title="Mu (continente perdido)">Mu</a> – <a href="/wiki/Hiperb%C3%B3rea" title="Hiperbórea">Hiperbórea</a> – <a href="/wiki/Atl%C3%A1ntida" title="Atlántida">Atlántida</a> – <a href="/wiki/Esferas_de_piedra_de_Costa_Rica" title="Esferas de piedra de Costa Rica">Las esferas de Costa Rica</a> — <a href="/wiki/Aztl%C3%A1n" title="Aztlán">Aztlán</a> — <a href="/wiki/Chicom%C3%B3ztoc" title="Chicomóztoc">Chicomóztoc</a> — <a href="/wiki/El_Dorado" title="El Dorado">El Dorado</a> — <a href="/wiki/Fuente_de_la_juventud" title="Fuente de la juventud">Fuente de la juventud</a>
</p>
<p><a href="/wiki/Real_Expedici%C3%B3n_Bot%C3%A1nica_del_Nuevo_Reino_de_Granada" title="Real Expedición Botánica del Nuevo Reino de Granada">Real Expedición Botánica del Nuevo Reino de Granada</a> – <a class="new" href="/w/index.php?title=Comisi%C3%B3n_Coreogr%C3%A1fica&amp;action=edit&amp;redlink=1" title="Comisión Coreográfica (aún no redactado)">Comisión Coreográfica</a> (Colombia) – <a href="/wiki/Proyecto_Genoma_Humano" title="Proyecto Genoma Humano">Proyecto Genoma Humano</a> — <a class="mw-redirect" href="/wiki/Regreso_a_la_ciudad_lacustre" title="Regreso a la ciudad lacustre">Regreso a la ciudad lacustre</a> — <a href="/wiki/Expedici%C3%B3n_Malaspina" title="Expedición Malaspina">Expedición Malaspina</a>
</p>
<p><a href="/wiki/Robert_De_Niro" title="Robert De Niro">Robert De Niro</a> — <a href="/wiki/Al_Pacino" title="Al Pacino">Al Pacino</a> — <a href="/wiki/Marlon_Brando" title="Marlon Brando">Marlon Brando</a> — <a href="/wiki/Amores_perros" title="Amores perros">Amores perros</a> — <a href="/wiki/Jos%C3%A9_Mar%C3%ADa_Arzuaga" title="José María Arzuaga">José María Arzuaga</a> — <a href="/wiki/Juan_Antonio_Bardem" title="Juan Antonio Bardem">Juan Antonio Bardem</a> — <a class="new" href="/w/index.php?title=Best_Boy&amp;action=edit&amp;redlink=1" title="Best Boy (aún no redactado)">Best Boy</a> — <a href="/wiki/Luis_Garc%C3%ADa_Berlanga" title="Luis García Berlanga">Luis García Berlanga</a> — <a href="/wiki/Luis_Bu%C3%B1uel" title="Luis Buñuel">Luis Buñuel</a> — <a href="/wiki/Jos%C3%A9_Luis_Garci" title="José Luis Garci">José Luis Garci</a> — <a href="/wiki/Manuel_Octavio_G%C3%B3mez" title="Manuel Octavio Gómez">Manuel Octavio Gómez</a> — <a href="/wiki/Tom%C3%A1s_Guti%C3%A9rrez_Alea" title="Tomás Gutiérrez Alea">Tomás Gutiérrez Alea</a> — <i><a href="/wiki/Mar_adentro" title="Mar adentro">Mar adentro</a></i> — <a href="/wiki/Pl%C3%A1cido" title="Plácido">Plácido</a> — <a href="/wiki/Premios_Goya" title="Premios Goya">Premios Goya</a> — <a href="/wiki/Jos%C3%A9_Luis_S%C3%A1enz_de_Heredia" title="José Luis Sáenz de Heredia">José Luis Sáenz de Heredia</a> — <a href="/wiki/Jorge_Sanjin%C3%A9s" title="Jorge Sanjinés">Jorge Sanjinés</a> — <a href="/wiki/Carlos_Saura" title="Carlos Saura">Carlos Saura</a> — <a href="/wiki/Humberto_Sol%C3%A1s" title="Humberto Solás">Humberto Solás</a> — <i><a href="/wiki/Todo_sobre_mi_madre" title="Todo sobre mi madre">Todo sobre mi madre</a></i>
</p>
<p><a href="/wiki/Juana_Sujo" title="Juana Sujo">Juana Sujo</a> — <a href="/wiki/Federico_Garc%C3%ADa_Lorca" title="Federico García Lorca">Federico García Lorca</a> — <a href="/wiki/Fernando_Savater" title="Fernando Savater">Fernando Savater</a> — <a href="/wiki/Juan_Ruiz_de_Alarc%C3%B3n" title="Juan Ruiz de Alarcón">Juan Ruiz de Alarcón</a> — <i><a href="/wiki/Bodas_de_sangre" title="Bodas de sangre">Bodas de sangre</a></i> — <i><a href="/wiki/Fuenteovejuna" title="Fuenteovejuna">Fuenteovejuna</a></i> — <a href="/wiki/La_Fura_dels_Baus" title="La Fura dels Baus">La Fura dels Baus</a> — <a href="/wiki/Teatro_medieval_espa%C3%B1ol" title="Teatro medieval español">Teatro medieval español</a> — <a href="/wiki/Rom%C3%A1n_Chalbaud" title="Román Chalbaud">Román Chalbaud</a> — <a href="/wiki/Isaac_Chocr%C3%B3n" title="Isaac Chocrón">Isaac Chocrón</a>
</p>
